{
	"IcoMoonType": "selection",
	"icons": [
		{
			"icon": {
				"paths": [
					"M829.143 73.143q20 0 34.286 14.286t14.286 34.286v780.571q0 20-14.286 34.286t-34.286 14.286h-223.429v-340h113.714l17.143-132.571h-130.857v-84.571q0-32 13.429-48t52.286-16l69.714-0.571v-118.286q-36-5.143-101.714-5.143-77.714 0-124.286 45.714t-46.571 129.143v97.714h-114.286v132.571h114.286v340h-420q-20 0-34.286-14.286t-14.286-34.286v-780.571q0-20 14.286-34.286t34.286-14.286h780.571z"
				],
				"attrs": [],
				"isMulticolor": false,
				"width": 878,
				"tags": [
					"facebook-official"
				],
				"grid": 0
			},
			"attrs": [],
			"properties": {
				"order": 1,
				"id": 1,
				"prevSize": 28,
				"code": 59648,
				"name": "facebook-official"
			},
			"setIdx": 0,
			"setId": 2,
			"iconIdx": 0
		},
		{
			"icon": {
				"paths": [
					"M548 6.857v150.857h-89.714q-49.143 0-66.286 20.571t-17.143 61.714v108h167.429l-22.286 169.143h-145.143v433.714h-174.857v-433.714h-145.714v-169.143h145.714v-124.571q0-106.286 59.429-164.857t158.286-58.571q84 0 130.286 6.857z"
				],
				"attrs": [],
				"isMulticolor": false,
				"width": 602,
				"tags": [
					"facebook",
					"facebook-f"
				],
				"grid": 0
			},
			"attrs": [],
			"properties": {
				"order": 2,
				"id": 0,
				"prevSize": 28,
				"code": 59649,
				"name": "facebook"
			},
			"setIdx": 0,
			"setId": 2,
			"iconIdx": 1
		}
	],
	"height": 1024,
	"metadata": {
		"name": "icomoon"
	},
	"preferences": {
		"showGlyphs": true,
		"showQuickUse": true,
		"showQuickUse2": true,
		"showSVGs": true,
		"fontPref": {
			"prefix": "icon-",
			"metadata": {
				"fontFamily": "icomoon"
			},
			"metrics": {
				"emSize": 1024,
				"baseline": 6.25,
				"whitespace": 50
			},
			"embed": false
		},
		"imagePref": {
			"prefix": "icon-",
			"png": true,
			"useClassSelector": true,
			"color": 4473924,
			"bgColor": 16777215
		},
		"historySize": 100,
		"showCodes": false
	}
}